lf,fc,rf,ll,rr,sin_err,cos_err,dist_norm,left_out,right_out
0.8205,0.8097,0.8205,0.9069,0.6721,-0.0056,1.0000,0.8212,0.0000,0.0000
0.8205,0.8097,0.8205,0.9069,0.6721,-0.0056,1.0000,0.8212,0.0000,0.0000
0.8205,0.8097,0.8205,0.9069,0.6721,-0.0056,1.0000,0.8212,0.0000,0.0000
0.8205,0.8097,0.8205,0.9069,0.6721,-0.0056,1.0000,0.8212,0.0000,0.0000
0.8205,0.8097,0.8205,0.9069,0.6721,-0.0056,1.0000,0.8212,0.0000,0.0000
0.8205,0.8097,0.8205,0.9069,0.6721,-0.0056,1.0000,0.8212,0.0000,0.0000
0.8205,0.8097,0.8205,0.9069,0.6721,-0.0056,1.0000,0.8212,0.0000,0.0000
0.8205,0.8097,0.8205,0.9069,0.6721,-0.0056,1.0000,0.8212,0.0000,0.0000
0.8205,0.8097,0.8205,0.9069,0.6721,-0.0056,1.0000,0.8212,0.0000,0.0000
0.8205,0.8097,0.8205,0.9069,0.6721,-0.0056,1.0000,0.8212,0.0000,0.0000
0.8205,0.8097,0.8205,0.9069,0.6721,-0.0056,1.0000,0.8212,0.0000,0.0000
0.8208,0.8100,0.8208,0.9072,0.6907,-0.0180,0.9998,0.7536,0.0000,0.0000
0.8178,0.8070,0.8178,0.9041,0.6908,-0.0180,0.9998,0.7536,0.0000,0.0000
0.8193,0.8085,0.8193,0.9057,0.6908,-0.0180,0.9998,0.7536,0.0000,0.0000
0.8200,0.8092,0.8200,0.9065,0.6908,-0.0180,0.9998,0.7536,0.0000,0.0000
0.8204,0.8096,0.8204,0.9069,0.6908,-0.0180,0.9998,0.7536,0.0000,0.0000
0.8206,0.8098,0.8206,0.9071,0.6908,-0.0180,0.9998,0.7536,0.0000,0.0000
0.8207,0.8099,0.8207,0.9072,0.6909,-0.0180,0.9998,0.7536,0.0000,0.0000
0.8164,0.8053,0.8158,0.9033,0.6909,-0.0235,0.9997,0.7334,0.0000,0.0000
0.8180,0.8069,0.8174,0.9050,0.6909,-0.0235,0.9997,0.7334,0.0000,0.0000
0.8188,0.8077,0.8182,0.9058,0.6909,-0.0235,0.9997,0.7334,0.0000,0.0000
0.8192,0.8082,0.8187,0.9063,0.6909,-0.0235,0.9997,0.7334,0.0000,0.0000
0.8194,0.8084,0.8189,0.9065,0.6909,-0.0235,0.9997,0.7334,0.0000,0.0000
0.8196,0.8085,0.8190,0.9066,0.6909,-0.0235,0.9997,0.7334,0.0000,0.0000
0.8196,0.8085,0.8191,0.9067,0.6909,-0.0235,0.9997,0.7334,0.0000,0.0000
0.8196,0.8086,0.8191,0.9067,0.6909,-0.0235,0.9997,0.7334,0.0000,0.0000
0.8197,0.8086,0.8191,0.9067,0.6909,-0.0235,0.9997,0.7334,0.0000,0.0000
0.8197,0.8086,0.8191,0.9067,0.6909,-0.0235,0.9997,0.7334,0.0000,0.0000
0.8197,0.8086,0.8191,0.9067,0.6909,-0.0235,0.9997,0.7334,0.0000,0.0000
0.8197,0.8086,0.8191,0.9067,0.6909,-0.0235,0.9997,0.7334,0.0000,0.0000
0.8197,0.8086,0.8191,0.9067,0.6909,-0.0235,0.9997,0.7334,0.0000,0.0000
0.8197,0.8086,0.8191,0.9067,0.6909,-0.0235,0.9997,0.7334,0.0000,0.0000
0.8197,0.8086,0.8191,0.9067,0.6909,-0.0235,0.9997,0.7334,0.0000,0.0000
0.8205,0.8097,0.8205,0.9069,0.6721,0.0056,-1.0000,0.8212,0.6504,0.6485
0.8798,0.8684,0.8796,1.0000,0.6674,0.0056,-1.0000,0.8200,0.6511,0.6453
1.0000,0.9633,1.0000,1.0000,0.6668,-0.0242,0.9997,0.8178,0.6515,0.6435
1.0000,0.9633,1.0000,1.0000,0.6668,0.0058,-1.0000,0.8178,0.6515,0.6435
1.0000,1.0000,1.0000,1.0000,0.6661,0.0059,-1.0000,0.8157,0.6518,0.6422
0.9091,0.8974,0.9087,1.0000,0.6656,0.0060,-1.0000,0.8136,0.6520,0.6414
0.7734,0.7632,0.7736,0.8564,0.6652,-0.0332,0.9994,0.8116,0.6521,0.6410
0.7734,0.7632,0.7736,0.8564,0.6652,0.0061,-1.0000,0.8116,0.6521,0.6410
0.8273,0.8168,0.8279,0.9137,0.6604,0.0062,-1.0000,0.8095,0.6521,0.6409
0.8281,0.8178,0.8293,0.9136,0.6593,0.0063,-1.0000,0.8074,0.6520,0.6413
0.8268,0.8169,0.8288,0.9114,0.6587,-0.0303,0.9995,0.8053,0.6519,0.6418
0.8268,0.8169,0.8288,0.9114,0.6587,0.0063,-1.0000,0.8053,0.6519,0.6418
0.8257,0.8161,0.8283,0.9095,0.6586,0.0064,-1.0000,0.8032,0.6518,0.6423
0.8247,0.8153,0.8277,0.9081,0.6588,0.0065,-1.0000,0.8011,0.6517,0.6426
0.8238,0.8143,0.8267,0.9072,0.6590,-0.0262,0.9997,0.7990,0.6517,0.6429
0.8238,0.8143,0.8267,0.9072,0.6590,0.0065,-1.0000,0.7990,0.6517,0.6429
0.8230,0.8133,0.8254,0.9070,0.6590,0.0066,-1.0000,0.7969,0.6516,0.6431
0.8223,0.8122,0.8239,0.9070,0.6586,0.0067,-1.0000,0.7948,0.6516,0.6433
0.8216,0.8111,0.8223,0.9073,0.6576,-0.0241,0.9997,0.7927,0.6515,0.6435
0.8216,0.8111,0.8223,0.9073,0.6576,0.0067,-1.0000,0.7927,0.6515,0.6435
0.8210,0.8102,0.8210,0.9076,0.6561,0.0068,-1.0000,0.7905,0.6515,0.6438
0.8206,0.8096,0.8202,0.9076,0.6543,0.0068,-1.0000,0.7884,0.6514,0.6441
0.8204,0.8094,0.8200,0.9074,0.6528,-0.0200,0.9998,0.7863,0.6513,0.6446
0.8204,0.8094,0.8200,0.9074,0.6528,0.0069,-1.0000,0.7863,0.6513,0.6446
0.8203,0.8095,0.8203,0.9068,0.6515,0.0069,-1.0000,0.7842,0.6511,0.6451
0.8204,0.8099,0.8210,0.9062,0.6508,0.0070,-1.0000,0.7821,0.6510,0.6456
0.8205,0.8104,0.8219,0.9055,0.6505,-0.0144,0.9999,0.7800,0.6509,0.6461
0.8205,0.8104,0.8219,0.9055,0.6505,0.0070,-1.0000,0.7800,0.6509,0.6461
0.8208,0.8109,0.8227,0.9050,0.6507,0.0070,-1.0000,0.7779,0.6508,0.6465
0.8210,0.8113,0.8233,0.9049,0.6511,0.0070,-1.0000,0.7758,0.6508,0.6467
0.8211,0.8114,0.8234,0.9051,0.6516,-0.0116,0.9999,0.7737,0.6507,0.6469
0.8211,0.8114,0.8234,0.9051,0.6516,0.0071,-1.0000,0.7737,0.6507,0.6469
0.8211,0.8112,0.8230,0.9055,0.6519,0.0071,-1.0000,0.7716,0.6507,0.6469
0.8210,0.8108,0.8222,0.9062,0.6517,0.0071,-1.0000,0.7694,0.6507,0.6469
0.8208,0.8101,0.8211,0.9069,0.6511,-0.0113,0.9999,0.7673,0.6507,0.6469
0.8208,0.8101,0.8211,0.9069,0.6511,0.0072,-1.0000,0.7673,0.6507,0.6469
0.8204,0.8095,0.8201,0.9073,0.6501,0.0072,-1.0000,0.7652,0.6507,0.6470
0.8201,0.8089,0.8193,0.9075,0.6488,0.0072,-1.0000,0.7631,0.6507,0.6472
0.8199,0.8086,0.8189,0.9074,0.6475,-0.0096,1.0000,0.7610,0.6506,0.6474
0.8199,0.8086,0.8189,0.9074,0.6475,0.0072,-1.0000,0.7610,0.6506,0.6474
0.8197,0.8086,0.8190,0.9070,0.6465,0.0073,-1.0000,0.7589,0.6505,0.6477
0.8198,0.8089,0.8196,0.9065,0.6458,0.0073,-1.0000,0.7568,0.6505,0.6480
0.8200,0.8094,0.8205,0.9059,0.6455,-0.0061,1.0000,0.7546,0.6504,0.6484
0.8200,0.8094,0.8205,0.9059,0.6455,0.0073,-1.0000,0.7546,0.6504,0.6484
0.8203,0.8101,0.8215,0.9055,0.6457,0.0073,-1.0000,0.7525,0.6503,0.6486
0.8207,0.8106,0.8223,0.9054,0.6461,0.0073,-1.0000,0.7504,0.6503,0.6487
0.8210,0.8110,0.8228,0.9056,0.6467,-0.0044,1.0000,0.7483,0.6503,0.6488
0.8210,0.8110,0.8228,0.9056,0.6467,0.0073,-1.0000,0.7483,0.6503,0.6488
0.8212,0.8112,0.8228,0.9060,0.6471,0.0073,-1.0000,0.7462,0.6503,0.6488
0.8213,0.8110,0.8224,0.9066,0.6473,0.0073,-1.0000,0.7441,0.6503,0.6487
0.8211,0.8106,0.8216,0.9072,0.6471,-0.0052,1.0000,0.7420,0.6503,0.6486
0.8211,0.8106,0.8216,0.9072,0.6471,0.0074,-1.0000,0.7420,0.6503,0.6486
0.8209,0.8099,0.8206,0.9076,0.6465,0.0074,-1.0000,0.7398,0.2083,0.4167
0.8172,0.8062,0.8168,0.9040,0.6724,0.0074,-1.0000,0.7388,0.2083,0.4167
0.8180,0.8069,0.8173,0.9051,0.7022,0.0074,-1.0000,0.7378,0.2083,0.4167
0.8192,0.8078,0.8181,0.9068,0.7375,0.0076,-1.0000,0.7368,0.2083,0.4167
0.8209,0.8092,0.8192,0.9094,0.7780,0.0077,-1.0000,0.7358,0.2083,0.4167
0.8231,0.8109,0.8205,0.9127,0.8241,0.0080,-1.0000,0.7348,0.2083,0.4167
0.8255,0.8128,0.8219,0.9164,0.8766,0.0083,-1.0000,0.7338,0.2083,0.4167
0.8280,0.8147,0.8234,0.9204,0.9048,0.0086,-1.0000,0.7328,0.2083,0.4167
0.8304,0.8165,0.8247,0.9241,0.9051,0.0090,-1.0000,0.7318,0.2083,0.4167
0.8325,0.8180,0.8258,0.9274,0.9052,0.0094,-1.0000,0.7309,0.2083,0.4167
0.8341,0.8192,0.8267,0.9302,0.9053,0.0099,-1.0000,0.7299,0.2083,0.4167
0.8354,0.8201,0.8274,0.9322,0.9053,0.0104,-0.9999,0.7290,0.2083,0.4167
0.8362,0.8206,0.8277,0.9336,0.9052,0.0110,-0.9999,0.7281,0.2083,0.4167
0.8366,0.8209,0.8279,0.9344,0.9051,0.0117,-0.9999,0.7272,0.2083,0.4167
0.8368,0.8210,0.8280,0.9347,0.9050,0.0123,-0.9999,0.7263,0.2083,0.4167
0.8368,0.8210,0.8279,0.9347,0.9050,0.0131,-0.9999,0.7255,0.2083,0.4167
0.8367,0.8209,0.8279,0.9345,0.9050,0.0138,-0.9999,0.7246,0.2083,0.4167
0.8365,0.8208,0.8278,0.9343,0.9050,0.0146,-0.9999,0.7238,0.2083,0.4167
0.8364,0.8208,0.8278,0.9341,0.9051,0.0155,-0.9999,0.7230,0.2083,0.4167
0.8364,0.8208,0.8279,0.9339,0.9053,0.0164,-0.9999,0.7222,0.2083,0.4167
0.8365,0.8209,0.8280,0.9339,0.9056,0.0173,-0.9998,0.7215,0.2083,0.4167
0.8366,0.8211,0.8283,0.9339,0.9059,0.0183,-0.9998,0.7207,0.2083,0.4167
0.8368,0.8213,0.8285,0.9341,0.9062,0.0193,-0.9998,0.7201,0.2083,0.4167
0.8371,0.8216,0.8288,0.9343,0.9065,0.0204,-0.9998,0.7194,0.2083,0.4167
0.8373,0.8219,0.8291,0.9346,0.9068,0.0215,-0.9998,0.7188,0.2083,0.4167
0.8376,0.8221,0.8293,0.9349,0.9071,0.0226,-0.9997,0.7181,0.2083,0.4167
0.8379,0.8224,0.8296,0.9352,0.9074,0.0238,-0.9997,0.7176,0.4167,0.2083
0.8353,0.8201,0.8274,0.9319,0.9056,0.0249,-0.9997,0.7170,0.4167,0.2083
0.8331,0.8181,0.8256,0.9291,0.9041,0.0261,-0.9997,0.7165,0.4167,0.2083
0.8314,0.8169,0.8246,0.9264,0.9038,0.0272,-0.9996,0.7158,0.4167,0.2083
0.8304,0.8165,0.8248,0.9241,0.9052,0.0283,-0.9996,0.7152,0.4167,0.2083
0.8301,0.8170,0.8259,0.9221,0.9080,0.0294,-0.9996,0.7145,0.4167,0.2083
0.8303,0.8181,0.8278,0.9203,0.9119,0.0304,-0.9995,0.7138,0.4167,0.2083
0.8307,0.8194,0.8300,0.9187,0.9163,0.0314,-0.9995,0.7130,0.4167,0.2083
0.8312,0.8208,0.8323,0.9172,0.9208,0.0323,-0.9995,0.7123,0.4167,0.2083
0.8316,0.8220,0.8343,0.9157,0.9249,0.0332,-0.9994,0.7115,0.4167,0.2083
0.8318,0.8229,0.8360,0.9143,0.9284,0.0340,-0.9994,0.7107,0.4167,0.2083
0.8318,0.8234,0.8372,0.9129,0.9311,0.0348,-0.9994,0.7098,0.4167,0.2083
0.8316,0.8236,0.8380,0.9117,0.9331,0.0356,-0.9994,0.7090,0.4167,0.2083
0.8313,0.8236,0.8384,0.9105,0.9344,0.0363,-0.9993,0.7081,0.4167,0.2083
0.8309,0.8234,0.8385,0.9094,0.9352,0.0370,-0.9993,0.7072,0.4167,0.2083
0.8304,0.8232,0.8385,0.9085,0.9357,0.0376,-0.9993,0.7063,0.4167,0.2083
0.8301,0.8229,0.8385,0.9077,0.9361,0.0382,-0.9993,0.7054,0.4167,0.2083
0.8297,0.8227,0.8384,0.9071,0.9363,0.0387,-0.9993,0.7044,0.4167,0.2083
0.8296,0.8226,0.8385,0.9067,0.9366,0.0392,-0.9992,0.7035,0.4167,0.2083
0.8295,0.8226,0.8386,0.9064,0.9369,0.0396,-0.9992,0.7025,0.4167,0.2083
0.8294,0.8226,0.8386,0.9062,0.9371,0.0400,-0.9992,0.7015,0.4167,0.2083
0.8293,0.8225,0.8386,0.9060,0.9372,0.0404,-0.9992,0.7006,0.4167,0.2083
0.8292,0.8224,0.8385,0.9059,0.9372,0.0406,-0.9992,0.6996,0.4167,0.2083
0.8291,0.8223,0.8383,0.9057,0.9369,0.0409,-0.9992,0.6986,0.4167,0.2083
0.8288,0.8220,0.8380,0.9056,0.9364,0.0411,-0.9992,0.6976,0.4167,0.2083
0.8286,0.8217,0.8376,0.9055,0.9358,0.0412,-0.9992,0.6966,0.4167,0.2083
0.8282,0.8213,0.8371,0.9053,0.9141,0.0413,-0.9991,0.6956,0.4167,0.2083
0.8279,0.8209,0.8366,0.9052,0.8815,0.0413,-0.9991,0.6946,0.4167,0.2083
0.8276,0.8205,0.8361,0.9051,0.8495,0.0413,-0.9991,0.6936,0.4167,0.2083
0.8274,0.8202,0.8357,0.9050,0.8205,0.0412,-0.9991,0.6925,0.4167,0.2083
0.8272,0.8200,0.8353,0.9049,0.7954,0.0411,-0.9992,0.6915,0.4167,0.2083
0.8271,0.8198,0.8352,0.9049,0.7708,0.0409,-0.9992,0.6905,0.4167,0.2083
0.8270,0.8198,0.8351,0.9049,0.7477,0.0407,-0.9992,0.6895,0.4167,0.2083
0.8271,0.8199,0.8352,0.9050,0.7260,0.0404,-0.9992,0.6885,0.4167,0.2083
0.8273,0.8201,0.8355,0.9051,0.7079,0.0400,-0.9992,0.6875,0.4167,0.2083
0.8276,0.8205,0.8214,0.9053,0.6894,0.0396,-0.9992,0.6866,0.4167,0.2083
0.8280,0.8209,0.7890,0.9055,0.6721,0.0392,-0.9992,0.6856,0.4167,0.2083
0.8284,0.8214,0.7593,0.9057,0.6561,0.0386,-0.9993,0.6847,0.4167,0.2083
0.8288,0.8219,0.7320,0.9059,0.6441,0.0381,-0.9993,0.6837,0.4167,0.2083
0.8292,0.8223,0.7068,0.9061,0.6316,0.0375,-0.9993,0.6828,0.4167,0.2083
0.8294,0.8226,0.6831,0.9062,0.6194,0.0368,-0.9993,0.6819,0.4167,0.2083
0.8296,0.8228,0.6630,0.9063,0.6073,0.0361,-0.9993,0.6810,0.4167,0.2083
0.8296,0.8228,0.6458,0.9063,0.5960,0.0353,-0.9994,0.6802,0.4167,0.2083
0.8295,0.7977,0.6267,0.9063,0.5853,0.0345,-0.9994,0.6793,0.4167,0.2083
0.8293,0.7606,0.6090,0.9062,0.5753,0.0337,-0.9994,0.6785,0.4167,0.2083
0.8290,0.7264,0.5926,0.9060,0.5659,0.0328,-0.9995,0.6777,0.4167,0.2083
0.8286,0.6950,0.5789,0.9058,0.5571,0.0318,-0.9995,0.6769,0.4167,0.2083
0.8282,0.6663,0.5658,0.9056,0.5489,0.0308,-0.9995,0.6762,0.4167,0.2083
0.8279,0.6396,0.5520,0.9054,0.5413,0.0298,-0.9996,0.6754,0.4167,0.2083
0.8275,0.6149,0.5393,0.9053,0.5342,0.0287,-0.9996,0.6747,0.4167,0.2083
0.7946,0.5918,0.5279,0.9051,0.5243,0.0276,-0.9996,0.6741,0.4167,0.2083
0.7492,0.5703,0.5190,0.9050,0.5141,0.0264,-0.9997,0.6734,0.4167,0.2083
0.7077,0.5502,0.5082,0.9050,0.5083,0.0252,-0.9997,0.6728,0.4167,0.2083
0.6700,0.5366,0.4982,0.9050,0.5023,0.0240,-0.9997,0.6722,0.4167,0.2083
0.6358,0.5189,0.4884,0.9050,0.4956,0.0227,-0.9997,0.6717,0.4167,0.2083
0.6045,0.5025,0.4812,0.8981,0.4875,0.0214,-0.9998,0.6711,0.4167,0.2083
0.5759,0.4916,0.4728,0.8301,0.4798,0.0201,-0.9998,0.6707,0.4167,0.2083
0.5496,0.4770,0.4637,0.7706,0.4726,0.0188,-0.9998,0.6702,0.4167,0.2083
0.5316,0.4635,0.4563,0.7179,0.4660,0.0174,-0.9998,0.6698,0.4167,0.2083
0.5089,0.4547,0.4483,0.6711,0.4599,0.0160,-0.9999,0.6694,0.4167,0.2083
0.4931,0.4425,0.4403,0.6313,0.4544,0.0145,-0.9999,0.6691,0.4167,0.2083
0.4735,0.4312,0.4343,0.6005,0.4493,0.0131,-0.9999,0.6688,0.4167,0.2083
0.4562,0.4237,0.4268,0.5731,0.4446,0.0117,-0.9999,0.6685,0.4167,0.2083
0.4426,0.4181,0.4177,0.5419,0.4407,0.0102,-0.9999,0.6683,0.4167,0.2083
0.4288,0.4085,0.4085,0.5191,0.4387,0.0087,-1.0000,0.6681,0.4167,0.2083
0.4194,0.3992,0.3998,0.4918,0.4382,0.0072,-1.0000,0.6679,0.4167,0.2083
0.4047,0.3898,0.3917,0.4778,0.4357,0.0057,-1.0000,0.6678,0.4167,0.2083
0.3910,0.3805,0.3841,0.4539,0.4339,0.0042,-1.0000,0.6677,0.4167,0.2083
0.3781,0.3711,0.3789,0.4318,0.4327,0.0027,-1.0000,0.6677,0.4167,0.2083
0.3695,0.3652,0.3741,0.4160,0.4323,0.0012,-1.0000,0.6677,0.4167,0.2083
0.3581,0.3559,0.3681,0.3969,0.4327,-0.0003,-1.0000,0.6677,0.4167,0.2083
0.3506,0.3497,0.3626,0.3831,0.4336,-0.0018,-1.0000,0.6678,0.4167,0.2083
0.3403,0.3403,0.3575,0.3699,0.4352,-0.0033,-1.0000,0.6679,0.4167,0.2083
0.3348,0.3326,0.3555,0.3594,0.4361,-0.0049,-1.0000,0.6681,0.4167,0.2083
0.3288,0.3297,0.3524,0.3448,0.4368,-0.0063,-1.0000,0.6683,0.4167,0.2083
0.3197,0.3217,0.3491,0.3314,0.4402,-0.0078,-1.0000,0.6685,0.4167,0.2083
0.3107,0.3143,0.3466,0.3311,0.4469,-0.0093,-1.0000,0.6688,0.4167,0.2083
0.3045,0.3076,0.3442,1.0000,0.4548,-0.0107,-0.9999,0.6691,0.4167,0.2083
0.3017,0.3016,0.3430,1.0000,0.4643,-0.0121,-0.9999,0.6694,0.4167,0.2083
0.3032,0.3018,0.3422,1.0000,0.4759,-0.0135,-0.9999,0.6698,0.4167,0.2083
0.3033,0.3013,0.3422,1.0000,0.4898,-0.0149,-0.9999,0.6702,0.4167,0.2083
0.3033,0.3011,0.3430,1.0000,0.5065,-0.0162,-0.9999,0.6707,0.4167,0.2083
1.0000,0.3009,0.3443,1.0000,0.5060,-0.0175,-0.9998,0.6712,0.4167,0.2083
1.0000,0.3008,0.3478,1.0000,0.5311,-0.0188,-0.9998,0.6717,0.4167,0.2083
1.0000,0.3006,0.3515,1.0000,0.5477,-0.0201,-0.9998,0.6722,0.4167,0.2083
1.0000,0.3005,0.3564,1.0000,0.5808,-0.0213,-0.9998,0.6728,0.4167,0.2083
1.0000,0.3004,0.3600,1.0000,0.6075,-0.0225,-0.9997,0.6734,0.4167,0.2083
1.0000,0.3003,0.3658,1.0000,0.6561,-0.0237,-0.9997,0.6741,0.4167,0.2083
1.0000,0.3001,0.3755,1.0000,0.6955,-0.0248,-0.9997,0.6747,0.4167,0.2083
1.0000,0.2999,0.3817,1.0000,0.7762,-0.0259,-0.9997,0.6754,0.4167,0.2083
1.0000,0.3001,0.3957,1.0000,0.8801,-0.0269,-0.9996,0.6761,0.4167,0.2083
1.0000,0.3001,0.4127,1.0000,0.9320,-0.0279,-0.9996,0.6769,0.4167,0.2083
1.0000,0.3004,0.4321,1.0000,0.9321,-0.0289,-0.9996,0.6777,0.4167,0.2083
0.3025,0.3010,0.4445,1.0000,0.9324,-0.0298,-0.9996,0.6785,0.4167,0.2083
0.3025,0.3011,0.4684,1.0000,0.9330,-0.0307,-0.9995,0.6793,0.4167,0.2083
0.3028,0.3006,0.5010,1.0000,0.9338,-0.0315,-0.9995,0.6802,0.4167,0.2083
0.3023,0.3063,0.5424,1.0000,0.9347,-0.0322,-0.9995,0.6810,0.4167,0.2083
0.3039,0.3164,0.5883,1.0000,0.9355,-0.0329,-0.9995,0.6819,0.4167,0.2083
0.3051,0.3291,0.6589,1.0000,0.9364,-0.0336,-0.9994,0.6828,0.4167,0.2083
0.3064,0.3391,0.7536,1.0000,0.9370,-0.0342,-0.9994,0.6837,0.4167,0.2083
0.3078,0.3559,0.8425,1.0000,0.9374,-0.0348,-0.9994,0.6847,0.4167,0.2083
0.3094,0.3745,0.8387,1.0000,0.9375,-0.0353,-0.9994,0.6856,0.4167,0.2083
0.3114,0.3986,0.8386,1.0000,0.9374,-0.0357,-0.9994,0.6866,0.4167,0.2083
0.3138,0.4271,0.8383,1.0000,0.9370,-0.0361,-0.9993,0.6876,0.4167,0.2083
0.3138,0.4590,0.8379,1.0000,0.9364,-0.0365,-0.9993,0.6885,0.4167,0.2083
0.3181,0.4985,0.8374,1.0000,0.9357,-0.0368,-0.9993,0.6895,0.4167,0.2083
0.3219,0.5503,0.8369,1.0000,0.9348,-0.0370,-0.9993,0.6905,0.4167,0.2083
0.3228,0.6194,0.8363,1.0000,0.9340,-0.0372,-0.9993,0.6915,0.4167,0.2083
0.3266,0.7120,0.8358,0.3310,0.9332,-0.0373,-0.9993,0.6925,0.4167,0.2083
0.3447,0.8200,0.8354,0.3343,0.9326,-0.0374,-0.9993,0.6935,0.4167,0.2083
0.3678,0.8198,0.8352,0.3372,0.9322,-0.0374,-0.9993,0.6945,0.4167,0.2083
0.3970,0.8198,0.8351,0.3419,0.9321,-0.0374,-0.9993,0.6956,0.4167,0.2083
0.4311,0.8199,0.8353,0.3480,0.9322,-0.0373,-0.9993,0.6966,0.4167,0.2083
0.4709,0.8202,0.8356,0.3530,0.9327,-0.0372,-0.9993,0.6976,0.4167,0.2083
0.5176,0.8205,0.8361,0.3603,0.9333,-0.0370,-0.9993,0.6986,0.4167,0.2083
0.5728,0.8210,0.8366,0.3648,0.9342,-0.0368,-0.9993,0.6996,0.4167,0.2083
0.6406,0.8215,0.8372,0.3736,0.9350,-0.0365,-0.9993,0.7006,0.4167,0.2083
0.7255,0.8219,0.8378,0.3920,0.9358,-0.0361,-0.9993,0.7016,0.4167,0.2083
0.8292,0.8223,0.8382,0.4236,0.9365,-0.0357,-0.9994,0.7025,0.4167,0.2083
0.8294,0.8226,0.8386,0.4602,0.9371,-0.0353,-0.9994,0.7035,0.4167,0.2083
0.8295,0.8227,0.8388,0.5030,0.9373,-0.0348,-0.9994,0.7044,0.4167,0.2083
0.8296,0.8228,0.8388,0.5534,0.9374,-0.0343,-0.9994,0.7054,0.4167,0.2083
0.8295,0.8227,0.8387,0.6133,0.9372,-0.0337,-0.9994,0.7063,0.4167,0.2083
0.8293,0.8224,0.8384,0.6856,0.9367,-0.0331,-0.9995,0.7072,0.4167,0.2083
0.8286,0.8221,0.8380,0.7741,0.9361,-0.0324,-0.9995,0.7081,0.4167,0.2083
0.8215,0.8217,0.8374,0.8676,0.9353,-0.0317,-0.9995,0.7089,0.4167,0.2083
0.8189,0.8212,0.8369,0.8674,0.9345,-0.0309,-0.9995,0.7098,0.4167,0.2083
0.8192,0.8208,0.8363,0.8673,0.9337,-0.0301,-0.9995,0.7106,0.4167,0.2083
0.8190,0.8204,0.8359,0.8671,0.9330,-0.0292,-0.9996,0.7114,0.4167,0.2083
0.8181,0.8201,0.8355,0.8670,0.9325,-0.0284,-0.9996,0.7122,0.4167,0.2083
0.8253,0.8200,0.8353,0.8669,0.9322,-0.0274,-0.9996,0.7130,0.4167,0.2083
0.8272,0.8199,0.8352,0.8668,0.9321,-0.0265,-0.9996,0.7137,0.5946,0.6630
0.8234,0.8252,0.8413,0.8705,0.9401,-0.0247,-0.9997,0.7150,0.6781,0.5301
0.8232,0.8256,0.8428,0.8682,0.9440,-0.7901,0.6130,0.7164,0.7076,0.4039
0.8232,0.8256,0.8428,0.8682,0.9440,-0.0228,-0.9997,0.7164,0.7076,0.4039
0.8284,0.8254,0.8438,0.8656,0.9470,-0.0210,-0.9998,0.7176,0.7287,0.3139
0.8318,0.8268,0.8463,0.8648,0.9517,-0.0191,-0.9998,0.7187,0.3000,-0.3000
0.8287,0.8234,0.8421,0.8629,0.9458,-0.9886,0.1504,0.7190,0.3000,-0.3000
0.8287,0.8234,0.8421,0.8629,0.9458,-0.0185,-0.9998,0.7190,0.3000,-0.3000
0.8307,0.8248,0.8423,0.8665,0.9439,-0.0185,-0.9998,0.7190,0.3000,-0.3000
0.8331,0.8266,0.8434,0.8886,0.9436,-0.0185,-0.9998,0.7190,0.3000,-0.3000
0.8352,0.8284,0.8445,0.9121,0.9436,-0.9512,0.3086,0.7190,0.7295,0.3105
0.8352,0.8284,0.8445,0.9121,0.9436,-0.0185,-0.9998,0.7190,0.7295,0.3105
0.9282,0.9218,0.9406,1.0000,1.0000,-0.0165,-0.9999,0.7194,0.3000,-0.3000
0.7787,0.7733,0.7907,0.8486,0.8892,-0.0165,-0.9999,0.7194,0.3000,-0.3000
0.8395,0.8335,0.8510,0.9145,0.9530,-0.9533,0.3022,0.7198,0.7299,0.3086
0.8395,0.8335,0.8510,0.9145,0.9530,-0.0166,-0.9999,0.7198,0.7299,0.3086
1.0000,1.0000,1.0000,1.0000,1.0000,-0.0144,-0.9999,0.7198,0.3000,-0.3000
0.9261,0.9209,0.9420,1.0000,1.0000,-0.0144,-0.9999,0.7198,0.7299,0.3086
0.9506,0.9465,1.0000,1.0000,1.0000,-0.9569,0.2903,0.7195,0.7307,0.3053
0.9506,0.9465,1.0000,1.0000,1.0000,-0.0122,-0.9999,0.7195,0.7307,0.3053
0.8948,0.8918,0.9173,0.9617,1.0000,-0.0099,-1.0000,0.7191,0.7299,0.3085
0.7686,0.7664,0.7910,0.8269,0.9025,-0.0077,-1.0000,0.7186,0.7283,0.3155
0.8276,0.8260,0.8550,0.8849,1.0000,-0.9390,0.3440,0.7182,0.7271,0.3206
0.8276,0.8260,0.8550,0.8849,1.0000,-0.0056,-1.0000,0.7182,0.7271,0.3206
0.8399,0.8388,0.8700,0.8954,1.0000,-0.0035,-1.0000,0.7175,0.7241,0.3334
0.8459,0.8450,0.8775,0.9004,1.0000,-0.0015,-1.0000,0.7167,0.7208,0.3473
0.8484,0.8475,0.8807,0.9023,1.0000,-0.8756,0.4831,0.7158,0.7174,0.3619
0.8484,0.8475,0.8807,0.9023,1.0000,0.0005,-1.0000,0.7158,0.7174,0.3619
0.8484,0.8476,0.8810,0.9020,1.0000,0.0024,-1.0000,0.7147,0.7140,0.3767
0.8468,0.8460,0.8796,0.9000,1.0000,0.0043,-1.0000,0.7136,0.7105,0.3916
0.8441,0.8434,0.8773,0.8970,1.0000,-0.7847,0.6198,0.7124,0.7070,0.4063
0.8441,0.8434,0.8773,0.8970,1.0000,0.0061,-1.0000,0.7124,0.7070,0.4063
0.8409,0.8402,0.8743,0.8935,1.0000,0.0079,-1.0000,0.7111,0.7037,0.4206
0.8375,0.8368,0.8709,0.8897,1.0000,0.0095,-1.0000,0.7097,0.7005,0.4344
0.8340,0.8333,0.8672,0.8862,1.0000,-0.6811,0.7322,0.7083,0.6974,0.4476
0.8340,0.8333,0.8672,0.8862,1.0000,0.0112,-0.9999,0.7083,0.6974,0.4476
0.8307,0.8300,0.8634,0.8832,1.0000,0.0127,-0.9999,0.7068,0.6945,0.4599
0.8278,0.8270,0.8597,0.8809,1.0000,0.0142,-0.9999,0.7052,0.6918,0.4715
0.8254,0.8244,0.8562,0.8794,1.0000,-0.5812,0.8138,0.7036,0.6892,0.4825
0.8254,0.8244,0.8562,0.8794,1.0000,0.0156,-0.9999,0.7036,0.6892,0.4825
0.8237,0.8225,0.8531,0.8788,1.0000,0.0169,-0.9999,0.7020,0.6868,0.4929
0.8225,0.8211,0.8506,0.8790,1.0000,0.0182,-0.9998,0.7003,0.6844,0.5029
0.8219,0.8202,0.8486,0.8797,1.0000,-0.4876,0.8731,0.6985,0.6822,0.5124
0.8219,0.8202,0.8486,0.8797,1.0000,0.0194,-0.9998,0.6985,0.6822,0.5124
0.8215,0.8196,0.8468,0.8807,0.9660,0.0205,-0.9998,0.6968,0.6801,0.5214
0.8212,0.8190,0.8452,0.8818,0.9625,0.0216,-0.9998,0.6949,0.6781,0.5299
0.8208,0.8183,0.8435,0.8827,0.9591,-0.4034,0.9150,0.6931,0.6762,0.5378
0.8208,0.8183,0.8435,0.8827,0.9591,0.0226,-0.9997,0.6931,0.6762,0.5378
